CustomerID,Age,Gender,AnnualIncome_k,SpendingScore,TotalOrders,TotalPurchaseValue,PurchaseFrequency_per_month,LastPurchaseDate,AvgOrderValue,RecencyDays,Cluster,Segment
1,56,Male,101.6,86.4,34,78269.11,2.83,2026-01-29,2302.0326470588234,162,1,High-Value Loyalists
2,46,Female,65.0,54.2,11,31471.27,0.92,2026-06-22,2861.0245454545457,18,3,Budget Enthusiasts
3,32,Male,26.3,69.4,21,57557.63,1.75,2025-10-20,2740.8395238095236,263,4,Budget Enthusiasts
4,60,Male,30.0,67.5,26,58756.5,2.17,2025-10-02,2259.8653846153848,281,4,Budget Enthusiasts
5,25,Female,26.1,32.5,3,3445.68,0.25,2026-03-20,1148.56,112,0,Low Engagement Customers
6,38,Male,105.8,71.0,31,79875.72,2.58,2025-08-18,2576.636129032258,326,1,High-Value Loyalists
7,56,Female,30.9,18.3,1,1590.32,0.08,2026-06-11,1590.32,29,0,Low Engagement Customers
8,36,Male,92.5,84.2,41,100425.27,3.42,2026-02-26,2449.396829268293,134,1,High-Value Loyalists
9,40,Female,25.8,15.2,3,8209.14,0.25,2026-05-05,2736.3799999999997,66,0,Low Engagement Customers
10,28,Female,52.3,63.5,10,17811.44,0.83,2026-05-07,1781.1439999999998,64,3,Budget Enthusiasts
11,28,Female,100.4,93.5,44,50367.65,3.67,2025-09-22,1144.7193181818182,291,1,High-Value Loyalists
12,41,Female,25.9,23.2,4,3322.76,0.33,2026-06-16,830.69,24,0,Low Engagement Customers
13,53,Male,93.6,90.0,24,13103.44,2.0,2026-06-04,545.9766666666667,36,1,High-Value Loyalists
14,57,Female,70.4,89.4,36,54472.33,3.0,2026-07-10,1513.1202777777778,0,1,High-Value Loyalists
15,41,Female,111.7,84.8,40,21099.58,3.33,2026-06-04,527.4895,36,1,High-Value Loyalists
16,20,Female,57.0,59.8,19,39572.16,1.58,2026-02-20,2082.745263157895,140,3,Budget Enthusiasts
17,39,Male,38.8,22.8,1,1546.93,0.08,2025-11-21,1546.93,231,0,Low Engagement Customers
18,19,Female,55.85,66.0,21,19229.88,1.75,2026-02-25,915.7085714285715,135,3,Budget Enthusiasts
19,41,Male,85.8,86.6,23,55831.69,1.92,2026-01-04,2427.4647826086957,187,1,High-Value Loyalists
20,61,Female,61.6,48.8,18,22370.48,1.5,2026-03-05,1242.8044444444445,127,3,Budget Enthusiasts
21,47,Male,55.85,100.0,34,98097.39,2.83,2025-12-22,2885.2173529411766,200,4,Budget Enthusiasts
22,55,Male,24.8,13.8,2,1155.92,0.17,2026-03-06,577.96,126,0,Low Engagement Customers
23,19,Female,55.85,9.8,3,7848.06,0.25,2025-10-27,2616.02,256,2,Price-Sensitive High Earners
24,38,Male,25.1,45.95,23,15820.42,1.92,2026-01-28,687.844347826087,163,0,Low Engagement Customers
25,50,Female,89.6,99.2,30,59871.45,2.5,2026-06-06,1995.715,34,1,High-Value Loyalists
26,29,Female,48.6,49.2,9,22486.86,0.75,2025-12-29,2498.54,193,3,Budget Enthusiasts
27,39,Female,21.5,45.95,16,12123.75,1.33,2026-01-01,757.734375,190,0,Low Engagement Customers
28,61,Male,29.9,19.1,1,842.05,0.08,2026-03-29,842.05,103,0,Low Engagement Customers
29,42,Male,84.3,25.0,5,9273.76,0.42,2026-06-18,1854.752,22,2,Price-Sensitive High Earners
30,44,Female,58.0,56.1,12,28771.08,1.0,2025-10-19,2397.59,264,3,Budget Enthusiasts
31,59,Female,29.2,38.7,1,2758.41,0.08,2025-09-24,2758.41,289,0,Low Engagement Customers
32,45,Male,106.3,93.2,28,80084.15,2.33,2025-10-24,2860.148214285714,259,1,High-Value Loyalists
33,33,Female,93.2,21.1,7,5609.15,0.58,2025-07-18,801.3071428571428,357,2,Price-Sensitive High Earners
34,32,Female,48.4,45.95,15,43914.68,1.25,2026-04-27,2927.6453333333334,74,3,Budget Enthusiasts
35,64,Female,27.8,86.8,28,17841.78,2.33,2025-07-21,637.2064285714285,354,4,Budget Enthusiasts
36,61,Male,106.3,63.3,26,15405.5,2.17,2026-04-30,592.5192307692307,71,1,High-Value Loyalists
37,20,Male,43.8,55.0,19,32350.44,1.58,2025-10-25,1702.6547368421052,258,3,Budget Enthusiasts
38,54,Male,91.0,93.1,42,63470.97,3.5,2026-01-04,1511.2135714285714,187,1,High-Value Loyalists
39,24,Female,98.3,22.5,5,12384.04,0.42,2026-01-19,2476.808,172,2,Price-Sensitive High Earners
40,38,Female,63.3,35.1,17,45758.28,1.42,2025-09-24,2691.6635294117646,289,3,Budget Enthusiasts
41,26,Female,19.5,1.3,2,1106.35,0.17,2026-05-27,553.175,44,0,Low Engagement Customers
42,56,Male,55.85,35.7,3,2025.22,0.25,2026-05-11,675.0733333333334,60,3,Budget Enthusiasts
43,35,Female,38.0,18.5,4,11840.83,0.33,2026-04-19,2960.2075,82,0,Low Engagement Customers
44,21,Female,22.8,39.5,7,12644.09,0.58,2026-03-10,1806.2985714285714,122,0,Low Engagement Customers
45,42,Female,15.7,22.0,2,2481.54,0.17,2025-07-18,1240.77,357,0,Low Engagement Customers
46,31,Female,39.5,37.9,15,12166.41,1.25,2026-06-25,811.0939999999999,15,0,Low Engagement Customers
47,26,Male,59.5,34.7,14,37769.14,1.17,2026-05-06,2697.7957142857144,65,3,Budget Enthusiasts
48,43,Male,54.6,56.7,9,8258.26,0.75,2026-02-16,917.5844444444444,144,3,Budget Enthusiasts
49,19,Female,29.0,84.9,19,48955.52,1.58,2026-01-30,2576.6063157894737,161,4,Budget Enthusiasts
50,37,Male,51.7,49.0,17,41632.34,1.42,2025-11-19,2448.961176470588,233,3,Budget Enthusiasts
51,45,Male,51.0,45.95,14,37932.51,1.17,2026-02-17,2709.465,143,3,Budget Enthusiasts
52,64,Female,81.3,10.6,3,5183.9,0.25,2025-07-18,1727.9666666666665,357,2,Price-Sensitive High Earners
53,24,Female,116.8,79.7,34,19963.54,2.83,2026-01-04,587.1629411764707,187,1,High-Value Loyalists
54,61,Male,13.8,16.2,3,2471.36,0.25,2025-08-23,823.7866666666667,321,0,Low Engagement Customers
55,25,Female,26.4,28.3,1,1877.14,0.08,2026-06-28,1877.14,12,0,Low Engagement Customers
56,64,Male,87.9,78.6,34,17431.98,2.83,2026-01-08,512.7052941176471,183,1,High-Value Loyalists
57,52,Female,87.2,85.8,37,25996.77,3.08,2026-03-22,702.6154054054055,110,1,High-Value Loyalists
58,31,Male,28.5,14.4,5,14893.44,0.42,2025-09-24,2978.688,289,0,Low Engagement Customers
59,34,Female,94.1,20.3,4,5478.09,0.33,2025-09-19,1369.5225,294,2,Price-Sensitive High Earners
60,53,Male,55.85,34.8,6,14008.65,0.5,2025-12-08,2334.775,214,3,Budget Enthusiasts
61,57,Male,55.85,25.6,4,10505.82,0.33,2026-03-13,2626.455,119,3,Budget Enthusiasts
62,21,Male,94.9,90.7,30,32901.75,2.5,2026-05-17,1096.725,54,1,High-Value Loyalists
63,19,Female,20.4,30.9,5,13510.88,0.42,2026-06-14,2702.176,26,0,Low Engagement Customers
64,23,Male,53.7,51.5,18,19288.13,1.5,2026-03-15,1071.562777777778,117,3,Budget Enthusiasts
65,59,Male,67.5,53.4,19,9803.33,1.58,2025-12-02,515.9647368421053,220,3,Budget Enthusiasts
66,21,Female,93.2,8.1,2,3799.22,0.17,2025-11-22,1899.61,230,2,Price-Sensitive High Earners
67,46,Female,86.6,77.9,43,109508.04,3.58,2026-05-19,2546.6986046511624,52,1,High-Value Loyalists
68,35,Male,81.1,14.6,3,4741.81,0.25,2025-09-19,1580.6033333333335,294,2,Price-Sensitive High Earners
69,43,Male,25.9,91.1,29,82072.04,2.42,2025-08-24,2830.070344827586,320,4,Budget Enthusiasts
70,61,Female,22.8,26.9,3,2747.83,0.25,2025-11-20,915.9433333333333,232,0,Low Engagement Customers
71,51,Female,92.5,27.8,7,9552.95,0.58,2026-02-03,1364.707142857143,157,2,Price-Sensitive High Earners
72,27,Female,51.2,51.3,9,26778.34,0.75,2025-10-15,2975.371111111111,268,3,Budget Enthusiasts
73,53,Female,50.3,69.1,18,14853.88,1.5,2026-06-20,825.2155555555555,20,3,Budget Enthusiasts
74,31,Female,108.8,84.5,42,67819.78,3.5,2026-05-19,1614.7566666666667,52,1,High-Value Loyalists
75,48,Male,70.5,2.4,6,13405.23,0.5,2025-10-09,2234.205,274,2,Price-Sensitive High Earners
76,32,Female,64.0,63.1,18,48062.44,1.5,2025-09-01,2670.1355555555556,312,3,Budget Enthusiasts
77,25,Male,89.3,21.9,6,12577.89,0.5,2025-10-03,2096.315,280,2,Price-Sensitive High Earners
78,31,Male,18.8,73.1,17,21757.96,1.42,2025-12-09,1279.8799999999999,213,4,Budget Enthusiasts
79,40,Male,64.3,40.7,9,9294.86,0.75,2026-06-10,1032.7622222222224,30,3,Budget Enthusiasts
80,57,Female,28.4,77.7,26,49578.77,2.17,2025-08-08,1906.875769230769,336,4,Budget Enthusiasts
81,38,Male,75.1,33.4,19,18312.46,1.58,2026-01-09,963.8136842105263,182,2,Price-Sensitive High Earners
82,33,Male,57.7,54.6,18,47015.25,1.5,2026-06-18,2611.9583333333335,22,3,Budget Enthusiasts
83,62,Female,60.1,63.3,19,11044.99,1.58,2026-06-09,581.3152631578947,31,3,Budget Enthusiasts
84,35,Male,26.0,32.1,6,9931.46,0.5,2026-04-28,1655.243333333333,73,0,Low Engagement Customers
85,64,Male,43.6,56.1,16,16020.99,1.33,2026-07-01,1001.311875,9,3,Budget Enthusiasts
86,41,Female,49.1,49.9,13,17092.58,1.08,2026-05-18,1314.8138461538463,53,3,Budget Enthusiasts
87,43,Male,43.4,69.7,8,4232.41,0.67,2026-05-20,529.05125,51,4,Budget Enthusiasts
88,42,Male,27.0,73.1,28,82228.99,2.33,2026-02-13,2936.749642857143,147,4,Budget Enthusiasts
89,62,Male,100.8,95.2,44,116613.46,3.67,2026-02-01,2650.305909090909,159,1,High-Value Loyalists
90,58,Female,47.3,49.5,8,6055.85,0.67,2026-06-27,756.98125,13,3,Budget Enthusiasts
91,46,Female,52.4,50.5,13,26590.06,1.08,2026-01-14,2045.3892307692308,177,3,Budget Enthusiasts
92,32,Female,90.2,34.3,3,3948.46,0.25,2026-05-19,1316.1533333333334,52,2,Price-Sensitive High Earners
93,62,Male,48.0,50.4,8,20490.28,0.67,2025-08-10,2561.285,334,3,Budget Enthusiasts
94,18,Male,71.1,11.1,7,13431.96,0.58,2026-06-19,1918.8514285714284,21,2,Price-Sensitive High Earners
95,42,Female,94.9,25.0,3,1808.88,0.25,2026-06-11,602.96,29,2,Price-Sensitive High Earners
96,24,Male,26.8,26.3,5,11330.95,0.42,2026-01-01,2266.19,190,0,Low Engagement Customers
97,26,Male,25.3,18.5,2,5676.01,0.17,2025-10-24,2838.005,259,0,Low Engagement Customers
98,41,Female,56.2,55.2,11,14834.88,0.92,2025-12-18,1348.6254545454544,204,3,Budget Enthusiasts
99,18,Female,91.4,92.6,41,66862.62,3.42,2026-05-13,1630.7956097560975,58,1,High-Value Loyalists
100,61,Male,27.0,45.95,2,3193.04,0.17,2025-10-20,1596.52,263,0,Low Engagement Customers
101,25,Male,60.2,65.7,19,17078.37,1.58,2026-06-29,898.8615789473683,11,3,Budget Enthusiasts
102,41,Male,86.2,88.4,42,70369.17,3.5,2026-03-14,1675.4564285714284,118,1,High-Value Loyalists
103,28,Female,59.6,53.8,12,25761.23,1.0,2025-09-24,2146.7691666666665,289,3,Budget Enthusiasts
104,34,Female,78.7,49.0,9,19198.42,0.75,2025-08-07,2133.1577777777775,337,3,Budget Enthusiasts
105,25,Female,59.0,30.0,18,38264.66,1.5,2025-11-05,2125.8144444444447,247,3,Budget Enthusiasts
106,52,Female,97.4,76.8,41,23641.88,3.42,2025-07-22,576.6312195121951,353,1,High-Value Loyalists
107,52,Male,52.9,33.3,12,16555.15,1.0,2026-03-06,1379.5958333333335,126,3,Budget Enthusiasts
108,50,Female,22.6,40.7,4,9353.5,0.33,2026-04-27,2338.375,74,0,Low Engagement Customers
109,22,Female,55.2,65.8,9,24008.21,0.75,2025-07-15,2667.5788888888887,360,3,Budget Enthusiasts
110,59,Female,71.3,100.0,40,59551.52,3.33,2025-12-19,1488.788,203,1,High-Value Loyalists
111,56,Female,100.1,33.1,5,7771.51,0.42,2026-05-23,1554.3020000000001,48,2,Price-Sensitive High Earners
112,58,Female,60.2,34.2,13,18172.41,1.08,2026-04-23,1397.8776923076923,78,3,Budget Enthusiasts
113,45,Male,24.0,57.2,19,44322.87,1.58,2025-11-12,2332.7826315789475,240,4,Budget Enthusiasts
114,24,Male,58.2,43.1,14,29138.92,1.17,2025-07-27,2081.3514285714286,348,3,Budget Enthusiasts
115,26,Female,26.2,1.8,5,13179.81,0.42,2026-02-07,2635.962,153,0,Low Engagement Customers
116,25,Male,68.5,19.6,5,7562.76,0.42,2025-10-10,1512.5520000000001,273,2,Price-Sensitive High Earners
117,29,Female,108.5,99.4,39,77312.71,3.25,2026-04-06,1982.3771794871795,95,1,High-Value Loyalists
118,51,Female,85.7,76.0,44,65895.05,3.67,2025-12-09,1497.6147727272728,213,1,High-Value Loyalists
119,50,Male,33.6,40.4,4,11698.21,0.33,2025-09-20,2924.5525,293,0,Low Engagement Customers
120,40,Male,42.6,47.3,10,16050.61,0.83,2025-12-14,1605.0610000000001,208,3,Budget Enthusiasts
121,41,Female,50.3,30.5,19,48871.96,1.58,2025-08-02,2572.2084210526314,342,3,Budget Enthusiasts
122,54,Female,71.3,81.6,30,86143.75,2.5,2026-04-14,2871.4583333333335,87,1,High-Value Loyalists
123,52,Female,77.6,9.6,5,2958.39,0.42,2025-09-08,591.678,305,2,Price-Sensitive High Earners
124,61,Male,29.2,37.2,5,12272.38,0.42,2025-10-20,2454.4759999999997,263,0,Low Engagement Customers
125,57,Female,84.4,99.3,34,90803.06,2.83,2025-08-20,2670.6782352941177,324,1,High-Value Loyalists
126,39,Female,86.9,83.4,37,109769.1,3.08,2025-08-25,2966.7324324324327,319,1,High-Value Loyalists
127,44,Female,23.4,20.5,2,1196.72,0.17,2026-02-04,598.36,156,0,Low Engagement Customers
128,52,Male,54.0,39.7,12,8656.67,1.0,2026-02-05,721.3891666666667,155,3,Budget Enthusiasts
129,18,Female,56.5,41.1,19,16546.3,1.58,2026-02-22,870.857894736842,138,3,Budget Enthusiasts
130,52,Female,62.3,53.5,15,26834.85,1.25,2026-03-12,1788.99,120,3,Budget Enthusiasts
131,54,Male,35.4,23.6,4,3257.42,0.33,2026-05-07,814.355,64,0,Low Engagement Customers
132,64,Female,90.8,86.0,27,78969.06,2.25,2026-03-26,2924.7799999999997,106,1,High-Value Loyalists
133,31,Female,26.4,18.5,6,16022.13,0.5,2026-02-14,2670.355,146,0,Low Engagement Customers
134,20,Male,90.5,12.7,3,4307.23,0.25,2026-02-24,1435.743333333333,136,2,Price-Sensitive High Earners
135,18,Female,25.9,26.7,1,575.97,0.08,2026-01-30,575.97,161,0,Low Engagement Customers
136,22,Male,56.6,54.5,8,16012.19,0.67,2026-04-02,2001.52375,99,3,Budget Enthusiasts
137,43,Male,33.0,98.2,28,60049.17,2.33,2025-08-07,2144.613214285714,337,4,Budget Enthusiasts
138,31,Female,54.5,53.3,16,11619.27,1.33,2025-09-07,726.204375,306,3,Budget Enthusiasts
139,56,Female,24.4,76.7,16,24165.61,1.33,2026-02-20,1510.350625,140,4,Budget Enthusiasts
140,44,Female,30.9,12.7,6,16520.63,0.5,2026-04-19,2753.4383333333335,82,0,Low Engagement Customers
141,26,Female,81.4,26.0,6,15267.51,0.5,2026-01-15,2544.585,176,2,Price-Sensitive High Earners
142,32,Male,56.0,39.7,16,21135.25,1.33,2025-12-25,1320.953125,197,3,Budget Enthusiasts
143,32,Female,65.7,65.9,12,17412.59,1.0,2026-03-21,1451.0491666666667,111,3,Budget Enthusiasts
144,43,Male,36.1,36.1,1,1611.05,0.08,2026-05-16,1611.05,55,0,Low Engagement Customers
145,59,Female,25.2,22.7,6,12638.64,0.5,2026-01-13,2106.44,178,0,Low Engagement Customers
146,30,Female,25.0,41.2,5,13291.67,0.42,2026-01-06,2658.334,185,0,Low Engagement Customers
147,49,Female,35.0,72.9,12,30412.99,1.0,2025-12-05,2534.4158333333335,217,4,Budget Enthusiasts
148,56,Male,68.7,21.4,5,10098.81,0.42,2025-08-29,2019.762,315,2,Price-Sensitive High Earners
149,49,Female,60.4,55.8,9,20598.55,0.75,2025-12-06,2288.7277777777776,216,3,Budget Enthusiasts
150,21,Female,31.6,25.9,3,1556.72,0.25,2026-03-13,518.9066666666666,119,0,Low Engagement Customers
151,47,Female,92.6,22.2,2,4273.47,0.17,2026-01-17,2136.735,174,2,Price-Sensitive High Earners
152,54,Female,75.4,81.1,32,44129.81,2.67,2026-06-18,1379.0565625,22,1,High-Value Loyalists
153,40,Male,89.6,77.4,35,63269.91,2.92,2025-12-10,1807.7117142857144,212,1,High-Value Loyalists
154,56,Female,27.6,27.1,4,7391.61,0.33,2025-11-18,1847.9025,234,0,Low Engagement Customers
155,62,Male,62.3,34.3,9,13497.87,0.75,2026-06-28,1499.7633333333333,12,3,Budget Enthusiasts
156,32,Male,19.7,25.6,4,3814.38,0.33,2026-04-01,953.595,100,0,Low Engagement Customers
157,60,Male,69.8,52.2,15,37252.77,1.25,2026-06-17,2483.5179999999996,23,3,Budget Enthusiasts
158,46,Male,76.8,18.8,7,13128.96,0.58,2025-07-12,1875.5657142857142,363,2,Price-Sensitive High Earners
159,53,Male,25.6,20.7,3,1519.38,0.25,2026-06-30,506.46000000000004,10,0,Low Engagement Customers
160,30,Male,57.0,72.5,19,20333.79,1.58,2025-10-11,1070.1994736842105,272,3,Budget Enthusiasts
161,49,Female,27.5,12.0,2,2803.86,0.17,2025-10-03,1401.93,280,0,Low Engagement Customers
162,24,Male,92.1,87.1,36,39318.35,3.0,2026-04-08,1092.1763888888888,93,1,High-Value Loyalists
163,39,Male,49.3,58.9,10,26279.36,0.83,2025-12-22,2627.936,200,3,Budget Enthusiasts
164,45,Male,102.3,89.6,38,78266.64,3.17,2026-06-20,2059.6484210526314,20,1,High-Value Loyalists
165,19,Female,72.8,37.6,8,18737.47,0.67,2025-08-05,2342.18375,339,2,Price-Sensitive High Earners
166,59,Female,52.2,54.5,8,7568.92,0.67,2025-12-12,946.115,210,3,Budget Enthusiasts
167,62,Male,46.5,42.6,14,26134.41,1.17,2026-02-21,1866.7435714285714,139,3,Budget Enthusiasts
168,23,Female,50.5,36.3,16,27870.67,1.33,2025-09-21,1741.916875,292,3,Budget Enthusiasts
169,45,Male,48.6,66.4,13,20988.2,1.08,2025-09-16,1614.4769230769232,297,3,Budget Enthusiasts
170,45,Male,63.3,44.8,11,25419.32,0.92,2026-04-01,2310.847272727273,100,3,Budget Enthusiasts
171,61,Female,42.0,55.6,11,7855.6,0.92,2025-09-10,714.1454545454545,303,3,Budget Enthusiasts
172,61,Male,76.8,79.3,28,57200.9,2.33,2025-07-17,2042.8892857142857,358,1,High-Value Loyalists
173,37,Female,104.9,83.3,24,16195.9,2.0,2026-06-13,674.8291666666667,27,1,High-Value Loyalists
174,47,Female,71.5,26.6,3,6600.99,0.25,2026-05-31,2200.33,40,2,Price-Sensitive High Earners
175,28,Male,53.0,34.6,13,16555.15,1.08,2025-07-21,1273.473076923077,354,3,Budget Enthusiasts
176,45,Male,33.4,29.2,6,8003.54,0.5,2025-09-11,1333.9233333333334,302,0,Low Engagement Customers
177,42,Female,48.4,51.6,12,11259.09,1.0,2026-02-15,938.2575,145,3,Budget Enthusiasts
178,56,Male,78.1,90.0,35,53329.31,2.92,2025-10-28,1523.6945714285714,255,1,High-Value Loyalists
179,50,Male,35.5,77.0,26,35592.15,2.17,2025-11-26,1368.9288461538463,226,4,Budget Enthusiasts
180,18,Male,30.5,31.1,6,6519.63,0.5,2025-11-17,1086.605,235,0,Low Engagement Customers
181,44,Female,19.5,21.8,5,11714.75,0.42,2025-07-15,2342.95,360,0,Low Engagement Customers
182,30,Female,81.0,91.3,40,29292.91,3.33,2026-06-28,732.32275,12,1,High-Value Loyalists
183,58,Male,61.5,45.95,8,16169.73,0.67,2025-12-13,2021.21625,209,3,Budget Enthusiasts
184,20,Female,72.6,20.2,6,3542.41,0.5,2025-11-24,590.4016666666666,228,2,Price-Sensitive High Earners
185,56,Female,19.6,16.1,2,2904.55,0.17,2026-04-02,1452.275,99,0,Low Engagement Customers
186,23,Female,72.8,14.3,2,2527.62,0.17,2026-06-10,1263.81,30,2,Price-Sensitive High Earners
187,25,Female,19.5,3.5,4,10733.37,0.33,2026-06-25,2683.3425,15,0,Low Engagement Customers
188,44,Female,89.5,15.8,7,13415.07,0.58,2026-02-24,1916.4385714285713,136,2,Price-Sensitive High Earners
189,26,Male,25.1,1.0,1,790.92,0.08,2025-08-16,790.92,328,0,Low Engagement Customers
190,54,Male,22.8,36.7,2,5340.28,0.17,2026-01-26,2670.14,165,0,Low Engagement Customers
191,50,Male,59.5,45.95,11,28015.21,0.92,2025-09-04,2546.8372727272726,309,3,Budget Enthusiasts
192,59,Female,25.4,74.6,28,82292.71,2.33,2026-04-02,2939.0253571428575,99,4,Budget Enthusiasts
193,61,Female,95.9,23.8,2,3396.77,0.17,2026-03-24,1698.385,108,2,Price-Sensitive High Earners
194,41,Male,62.3,34.0,8,16125.06,0.67,2025-08-02,2015.6325,342,3,Budget Enthusiasts
195,32,Female,24.1,85.3,17,48993.89,1.42,2026-01-19,2881.9935294117645,172,4,Budget Enthusiasts
196,49,Male,27.6,35.0,2,1340.86,0.17,2025-11-16,670.43,236,0,Low Engagement Customers
197,49,Male,28.3,85.3,26,33268.05,2.17,2026-01-30,1279.5403846153847,161,4,Budget Enthusiasts
198,41,Male,31.9,52.9,19,49943.81,1.58,2025-12-07,2628.621578947368,215,3,Budget Enthusiasts
199,58,Female,41.7,62.6,10,19111.03,0.83,2025-10-20,1911.1029999999998,263,4,Budget Enthusiasts
200,29,Female,79.4,15.2,7,20910.16,0.58,2025-10-21,2987.1657142857143,262,2,Price-Sensitive High Earners
201,56,Male,56.2,46.6,16,25213.49,1.33,2025-09-22,1575.843125,291,3,Budget Enthusiasts
202,19,Male,49.3,58.5,14,31225.65,1.17,2025-10-10,2230.4035714285715,273,3,Budget Enthusiasts
203,20,Male,55.1,42.7,14,15011.31,1.17,2026-07-08,1072.2364285714286,2,3,Budget Enthusiasts
204,54,Male,77.7,14.4,6,12358.44,0.5,2026-06-13,2059.7400000000002,27,2,Price-Sensitive High Earners
205,34,Female,12.2,34.3,7,17361.64,0.58,2025-08-19,2480.2342857142858,325,0,Low Engagement Customers
206,19,Female,38.3,69.4,17,24129.77,1.42,2026-02-12,1419.3982352941177,148,4,Budget Enthusiasts
207,19,Male,64.7,46.8,12,17612.36,1.0,2026-06-13,1467.6966666666667,27,3,Budget Enthusiasts
208,45,Male,23.8,14.5,6,6897.2,0.5,2025-09-04,1149.5333333333333,309,0,Low Engagement Customers
209,40,Female,50.6,53.9,14,28663.19,1.17,2026-05-07,2047.3707142857143,64,3,Budget Enthusiasts
210,54,Female,62.5,45.1,12,11965.69,1.0,2025-07-20,997.1408333333334,355,3,Budget Enthusiasts
211,49,Male,43.9,42.4,18,29446.98,1.5,2026-06-20,1635.9433333333334,20,3,Budget Enthusiasts
212,50,Male,73.1,19.7,5,5543.47,0.42,2025-11-01,1108.694,251,2,Price-Sensitive High Earners
213,18,Male,30.5,30.3,5,7430.95,0.42,2025-11-18,1486.19,234,0,Low Engagement Customers
214,36,Female,66.8,47.9,8,23106.69,0.67,2025-11-26,2888.33625,226,3,Budget Enthusiasts
215,19,Female,24.0,90.4,15,37833.13,1.25,2026-06-28,2522.2086666666664,12,4,Budget Enthusiasts
216,61,Female,87.6,82.0,37,22054.44,3.08,2025-09-01,596.0659459459459,312,1,High-Value Loyalists
217,43,Male,54.3,59.2,18,31295.34,1.5,2026-05-23,1738.63,48,3,Budget Enthusiasts
218,49,Male,78.6,67.7,36,16555.15,3.0,2026-03-15,459.8652777777778,117,1,High-Value Loyalists
219,23,Female,55.3,42.5,10,7642.34,0.83,2026-05-18,764.234,53,3,Budget Enthusiasts
220,49,Female,54.8,52.6,15,9062.73,1.25,2026-02-23,604.182,137,3,Budget Enthusiasts
221,21,Male,56.9,45.5,10,6781.42,0.83,2026-05-19,678.142,52,3,Budget Enthusiasts
222,28,Female,21.0,38.0,6,17873.83,0.5,2026-05-28,2978.971666666667,43,0,Low Engagement Customers
223,34,Female,50.1,61.9,17,12681.82,1.42,2025-09-11,745.9894117647059,302,3,Budget Enthusiasts
224,55,Male,30.9,32.2,2,1104.72,0.17,2026-05-19,552.36,52,0,Low Engagement Customers
225,41,Female,30.0,17.4,1,2939.98,0.08,2026-04-28,2939.98,73,0,Low Engagement Customers
226,22,Male,20.7,16.2,1,2109.76,0.08,2026-05-26,2109.76,45,0,Low Engagement Customers
227,51,Male,22.1,25.4,2,2611.08,0.17,2026-06-28,1305.54,12,0,Low Engagement Customers
228,23,Male,54.4,39.3,9,18042.34,0.75,2026-01-27,2004.7044444444446,164,3,Budget Enthusiasts
229,39,Male,67.2,55.1,19,16940.33,1.58,2026-03-31,891.5963157894738,101,3,Budget Enthusiasts
230,28,Male,76.7,21.6,4,7500.92,0.33,2025-10-04,1875.23,279,2,Price-Sensitive High Earners
231,33,Male,19.4,21.3,4,4406.93,0.33,2025-10-26,1101.7325,257,0,Low Engagement Customers
232,50,Male,82.8,17.8,7,3722.51,0.58,2025-08-08,531.7871428571428,336,2,Price-Sensitive High Earners
233,26,Female,61.0,46.4,19,53149.01,1.58,2025-07-20,2797.3163157894737,355,3,Budget Enthusiasts
234,23,Male,100.1,78.5,40,117839.73,3.33,2026-02-23,2945.99325,137,1,High-Value Loyalists
235,33,Male,30.2,96.0,21,44948.5,1.75,2026-01-29,2140.404761904762,162,4,Budget Enthusiasts
236,46,Female,29.1,67.0,25,29333.21,2.08,2026-03-22,1173.3283999999999,110,4,Budget Enthusiasts
237,20,Female,33.6,28.0,2,1658.64,0.17,2026-03-31,829.32,101,0,Low Engagement Customers
238,37,Female,99.8,89.6,34,59997.48,2.83,2026-06-24,1764.6317647058825,16,1,High-Value Loyalists
239,53,Male,31.0,87.2,25,59886.56,2.08,2025-10-16,2395.4624,267,4,Budget Enthusiasts
240,36,Female,60.3,64.4,13,24863.21,1.08,2026-01-10,1912.5546153846153,181,3,Budget Enthusiasts
241,43,Male,28.8,28.8,7,18849.92,0.58,2026-06-17,2692.845714285714,23,0,Low Engagement Customers
242,20,Male,73.1,18.1,3,1569.99,0.25,2026-06-12,523.33,28,2,Price-Sensitive High Earners
243,36,Male,93.3,12.6,2,2389.51,0.17,2026-01-21,1194.755,170,2,Price-Sensitive High Earners
244,37,Male,87.5,18.4,3,3030.27,0.25,2025-11-25,1010.09,227,2,Price-Sensitive High Earners
245,49,Female,101.7,23.2,4,3880.25,0.33,2026-01-04,970.0625,187,2,Price-Sensitive High Earners
246,24,Female,97.0,15.1,5,9051.99,0.42,2025-07-30,1810.398,345,2,Price-Sensitive High Earners
247,58,Male,26.2,27.4,4,9457.34,0.33,2025-11-23,2364.335,229,0,Low Engagement Customers
248,50,Male,17.8,13.9,3,7814.78,0.25,2025-08-24,2604.9266666666667,320,0,Low Engagement Customers
249,57,Male,56.9,16.5,17,24153.16,1.42,2025-08-05,1420.7741176470588,339,2,Price-Sensitive High Earners
250,56,Female,38.4,76.0,22,22946.5,1.83,2026-03-14,1043.0227272727273,118,4,Budget Enthusiasts
251,35,Male,55.85,78.0,41,91800.86,3.42,2026-02-05,2239.0453658536585,155,4,Budget Enthusiasts
252,57,Male,64.3,44.3,11,16564.0,0.92,2025-10-12,1505.8181818181818,271,3,Budget Enthusiasts
253,18,Female,55.2,60.8,10,6621.34,0.83,2026-01-17,662.134,174,3,Budget Enthusiasts
254,28,Female,67.3,70.1,11,16555.15,0.92,2026-03-29,1505.0136363636366,103,3,Budget Enthusiasts
255,45,Male,75.1,46.6,10,11745.52,0.83,2026-04-10,1174.5520000000001,91,3,Budget Enthusiasts
256,42,Female,84.9,30.5,7,6107.5,0.58,2026-01-06,872.5,185,2,Price-Sensitive High Earners
257,40,Female,63.5,58.5,17,38576.44,1.42,2025-10-01,2269.2023529411767,282,3,Budget Enthusiasts
258,48,Male,55.7,64.8,11,8865.36,0.92,2026-01-11,805.9418181818182,180,3,Budget Enthusiasts
259,47,Female,79.5,91.3,39,25597.87,3.25,2026-01-22,656.355641025641,169,1,High-Value Loyalists
260,59,Male,59.9,57.0,16,45324.53,1.33,2026-01-05,2832.783125,186,3,Budget Enthusiasts
261,52,Female,77.7,99.8,23,16555.15,1.92,2026-01-17,719.7891304347827,174,1,High-Value Loyalists
262,24,Male,96.5,77.5,34,88383.19,2.83,2025-12-01,2599.505588235294,221,1,High-Value Loyalists
263,33,Male,64.6,30.6,12,11534.29,1.0,2025-11-20,961.1908333333334,232,2,Price-Sensitive High Earners
264,43,Male,55.85,13.3,5,11253.15,0.42,2026-01-30,2250.63,161,2,Price-Sensitive High Earners
265,19,Female,33.4,41.7,6,10771.18,0.5,2026-02-27,1795.1966666666667,133,0,Low Engagement Customers
266,18,Male,57.6,48.5,17,44740.94,1.42,2025-11-29,2631.82,223,3,Budget Enthusiasts
267,29,Female,83.0,74.6,24,40854.36,2.0,2026-02-08,1702.265,152,1,High-Value Loyalists
268,22,Male,98.3,84.2,23,19175.1,1.92,2026-06-08,833.6999999999999,32,1,High-Value Loyalists
269,54,Male,56.6,46.2,9,24961.28,0.75,2026-05-17,2773.4755555555553,54,3,Budget Enthusiasts
270,49,Female,52.8,40.0,11,23566.27,0.92,2026-07-04,2142.3881818181817,6,3,Budget Enthusiasts
271,26,Male,24.5,23.0,4,4757.2,0.33,2025-11-09,1189.3,243,0,Low Engagement Customers
272,58,Male,93.9,14.5,3,3539.62,0.25,2025-09-01,1179.8733333333332,312,2,Price-Sensitive High Earners
273,52,Female,52.6,65.7,13,8624.4,1.08,2026-03-07,663.4153846153846,125,3,Budget Enthusiasts
274,36,Male,50.8,49.9,11,22541.73,0.92,2026-06-29,2049.248181818182,11,3,Budget Enthusiasts
275,33,Male,39.4,57.8,9,13749.65,0.75,2026-06-25,1527.7388888888888,15,3,Budget Enthusiasts
276,20,Male,32.4,45.95,16,37297.95,1.33,2025-12-15,2331.121875,207,0,Low Engagement Customers
277,37,Male,74.4,21.1,6,3783.87,0.5,2026-05-29,630.645,42,2,Price-Sensitive High Earners
278,41,Female,42.5,44.7,16,27779.25,1.33,2026-02-26,1736.203125,134,3,Budget Enthusiasts
279,50,Female,76.6,24.9,2,3319.66,0.17,2025-11-25,1659.83,227,2,Price-Sensitive High Earners
280,41,Male,25.4,28.5,1,957.54,0.08,2026-03-22,957.54,110,0,Low Engagement Customers
281,28,Female,20.9,23.4,6,11418.34,0.5,2025-09-07,1903.0566666666666,306,0,Low Engagement Customers
282,25,Male,46.9,50.6,9,13589.5,0.75,2026-02-01,1509.9444444444443,159,3,Budget Enthusiasts
283,53,Female,66.5,52.1,8,14870.76,0.67,2025-08-14,1858.845,330,3,Budget Enthusiasts
284,55,Male,84.2,13.4,2,3143.15,0.17,2025-10-20,1571.575,263,2,Price-Sensitive High Earners
285,57,Male,27.0,16.2,1,2172.56,0.08,2025-11-28,2172.56,224,0,Low Engagement Customers
286,37,Male,36.1,39.9,14,26090.12,1.17,2025-12-06,1863.58,216,0,Low Engagement Customers
287,52,Male,90.2,79.2,29,85409.48,2.42,2026-05-27,2945.1544827586204,44,1,High-Value Loyalists
288,42,Male,54.9,64.6,14,37524.75,1.17,2025-12-09,2680.339285714286,213,3,Budget Enthusiasts
289,52,Male,67.7,52.7,11,19783.11,0.92,2026-05-13,1798.4645454545455,58,3,Budget Enthusiasts
290,42,Female,57.6,47.5,13,11752.64,1.08,2026-03-01,904.0492307692307,131,3,Budget Enthusiasts
291,46,Male,67.7,53.8,8,4543.35,0.67,2026-03-29,567.91875,103,3,Budget Enthusiasts
292,35,Female,54.5,42.6,15,18091.16,1.25,2025-12-28,1206.0773333333334,194,3,Budget Enthusiasts
293,63,Male,105.2,81.3,26,55690.71,2.17,2026-02-04,2141.950384615385,156,1,High-Value Loyalists
294,35,Female,80.7,29.2,4,6410.72,0.33,2026-04-04,1602.68,97,2,Price-Sensitive High Earners
295,19,Female,22.4,19.9,4,9928.54,0.33,2025-11-27,2482.135,225,0,Low Engagement Customers
296,52,Female,70.0,60.8,14,29493.61,1.17,2025-12-18,2106.6864285714287,204,3,Budget Enthusiasts
297,33,Male,32.9,60.6,13,32280.99,1.08,2026-04-23,2483.153076923077,78,4,Budget Enthusiasts
298,58,Male,61.7,45.7,10,27429.66,0.83,2026-03-09,2742.966,123,3,Budget Enthusiasts
299,53,Female,55.2,37.2,19,19095.74,1.58,2025-12-05,1005.0389473684212,217,3,Budget Enthusiasts
300,50,Male,75.4,23.4,5,12482.42,0.42,2026-07-07,2496.484,3,2,Price-Sensitive High Earners
301,21,Female,30.0,74.6,21,61274.15,1.75,2026-04-12,2917.8166666666666,89,4,Budget Enthusiasts
302,50,Male,93.2,84.6,40,92518.55,3.33,2026-03-29,2312.96375,103,1,High-Value Loyalists
303,31,Female,26.9,17.3,3,5455.5,0.25,2026-03-14,1818.5,118,0,Low Engagement Customers
304,38,Female,97.0,87.6,24,70407.44,2.0,2026-02-28,2933.6433333333334,132,1,High-Value Loyalists
305,37,Male,74.9,76.9,25,46299.61,2.08,2025-09-02,1851.9844,311,1,High-Value Loyalists
306,25,Female,46.9,61.4,18,49558.32,1.5,2026-04-06,2753.24,95,3,Budget Enthusiasts
307,24,Male,20.0,90.8,22,38181.68,1.83,2025-08-14,1735.530909090909,330,4,Budget Enthusiasts
308,20,Female,22.5,34.9,2,2221.7,0.17,2026-02-18,1110.85,142,0,Low Engagement Customers
309,34,Female,22.0,41.4,2,2739.71,0.17,2025-09-26,1369.855,287,0,Low Engagement Customers
310,50,Male,109.4,82.4,44,69905.6,3.67,2026-06-13,1588.7636363636366,27,1,High-Value Loyalists
311,29,Male,67.7,55.1,19,31886.14,1.58,2025-10-06,1678.217894736842,277,3,Budget Enthusiasts
312,39,Male,55.3,51.4,11,25830.61,0.92,2025-11-20,2348.2372727272727,232,3,Budget Enthusiasts
313,39,Female,23.4,18.2,4,8816.69,0.33,2026-06-24,2204.1725,16,0,Low Engagement Customers
314,63,Male,30.8,69.9,15,38889.04,1.25,2026-05-13,2592.6026666666667,58,4,Budget Enthusiasts
315,47,Female,93.7,9.2,5,13329.83,0.42,2026-04-12,2665.966,89,2,Price-Sensitive High Earners
316,55,Female,22.0,12.9,5,2914.87,0.42,2025-12-24,582.9739999999999,198,0,Low Engagement Customers
317,55,Male,63.2,36.8,11,29458.12,0.92,2025-07-14,2678.010909090909,361,3,Budget Enthusiasts
318,62,Male,92.2,25.3,6,16482.71,0.5,2026-06-15,2747.1183333333333,25,2,Price-Sensitive High Earners
319,25,Female,100.3,87.8,42,38753.51,3.5,2026-06-16,922.7026190476191,24,1,High-Value Loyalists
320,44,Female,17.2,10.7,6,15968.45,0.5,2025-09-13,2661.4083333333333,300,0,Low Engagement Customers
321,44,Male,14.1,33.5,6,15035.31,0.5,2025-08-06,2505.8849999999998,338,0,Low Engagement Customers
322,51,Male,23.1,24.8,6,16771.15,0.5,2025-10-17,2795.191666666667,266,0,Low Engagement Customers
323,38,Male,92.1,16.5,4,11727.76,0.33,2026-01-11,2931.94,180,2,Price-Sensitive High Earners
324,47,Male,31.2,88.8,26,14170.43,2.17,2025-07-16,545.0165384615385,359,4,Budget Enthusiasts
325,50,Male,29.4,19.7,4,8350.89,0.33,2026-05-04,2087.7225,67,0,Low Engagement Customers
326,45,Female,17.6,22.4,5,9258.73,0.42,2025-07-25,1851.7459999999999,350,0,Low Engagement Customers
327,64,Female,23.9,21.5,1,1671.92,0.08,2025-08-24,1671.92,320,0,Low Engagement Customers
328,50,Female,29.0,8.8,3,3197.64,0.25,2026-05-23,1065.8799999999999,48,0,Low Engagement Customers
329,22,Female,91.6,32.2,4,11028.95,0.33,2026-01-17,2757.2375,174,2,Price-Sensitive High Earners
330,36,Male,95.1,92.2,33,44583.48,2.75,2026-05-20,1351.0145454545454,51,1,High-Value Loyalists
331,21,Male,104.9,85.9,35,20533.65,2.92,2026-03-31,586.6757142857143,101,1,High-Value Loyalists
332,52,Male,25.4,36.6,5,5653.84,0.42,2025-12-07,1130.768,215,0,Low Engagement Customers
333,34,Female,54.5,34.8,12,8815.72,1.0,2026-01-04,734.6433333333333,187,3,Budget Enthusiasts
334,61,Female,93.2,90.1,36,23821.82,3.0,2026-05-15,661.7172222222222,56,1,High-Value Loyalists
335,45,Male,50.9,52.4,13,20624.37,1.08,2026-05-25,1586.49,46,3,Budget Enthusiasts
336,47,Male,27.6,38.7,2,1824.12,0.17,2026-02-02,912.06,158,0,Low Engagement Customers
337,46,Female,99.3,17.8,4,4374.33,0.33,2026-01-18,1093.5825,173,2,Price-Sensitive High Earners
338,63,Female,47.3,50.3,13,32069.39,1.08,2025-11-11,2466.876153846154,241,3,Budget Enthusiasts
339,23,Male,24.0,7.5,1,1765.67,0.08,2025-10-02,1765.67,281,0,Low Engagement Customers
340,52,Male,82.5,86.6,44,22321.31,3.67,2025-11-12,507.3025,240,1,High-Value Loyalists
341,58,Female,86.1,16.2,4,3400.24,0.33,2026-07-06,850.06,4,2,Price-Sensitive High Earners
342,54,Male,26.7,59.3,22,36835.91,1.83,2026-04-18,1674.3595454545457,83,4,Budget Enthusiasts
343,41,Male,44.7,23.7,8,14331.45,0.67,2025-09-06,1791.43125,307,0,Low Engagement Customers
344,46,Male,52.5,42.5,12,19156.15,1.0,2025-07-15,1596.3458333333335,360,3,Budget Enthusiasts
345,63,Female,25.0,66.6,20,56587.69,1.67,2025-11-05,2829.3845,247,4,Budget Enthusiasts
346,48,Female,48.8,48.1,16,40728.27,1.33,2026-05-18,2545.516875,53,3,Budget Enthusiasts
347,52,Female,30.2,25.9,7,18798.89,0.58,2026-01-31,2685.555714285714,160,0,Low Engagement Customers
348,50,Female,39.4,79.4,17,27650.37,1.42,2025-11-27,1626.4923529411765,225,4,Budget Enthusiasts
349,38,Female,32.4,17.9,5,11425.41,0.42,2026-06-26,2285.082,14,0,Low Engagement Customers
350,49,Female,42.4,59.0,17,49090.07,1.42,2025-11-29,2887.6511764705883,223,3,Budget Enthusiasts
351,40,Female,22.6,26.5,5,12869.84,0.42,2026-05-11,2573.968,60,0,Low Engagement Customers
352,50,Male,29.1,12.9,1,1640.59,0.08,2026-03-11,1640.59,121,0,Low Engagement Customers
353,20,Male,79.3,82.5,27,64204.52,2.25,2025-10-07,2377.945185185185,276,1,High-Value Loyalists
354,35,Male,90.1,18.7,6,13180.05,0.5,2026-05-26,2196.6749999999997,45,2,Price-Sensitive High Earners
355,42,Male,104.1,71.1,29,50906.14,2.42,2025-09-20,1755.3841379310345,293,1,High-Value Loyalists
356,59,Male,23.5,21.8,6,4808.38,0.5,2026-05-10,801.3966666666666,61,0,Low Engagement Customers
357,48,Male,19.3,26.1,1,2237.21,0.08,2026-04-16,2237.21,85,0,Low Engagement Customers
358,20,Male,35.4,65.6,14,27202.0,1.17,2025-12-13,1943.0,209,4,Budget Enthusiasts
359,57,Female,16.2,87.3,21,53377.97,1.75,2026-04-24,2541.808095238095,77,4,Budget Enthusiasts
360,63,Female,53.7,43.5,18,28346.9,1.5,2025-12-21,1574.8277777777778,201,3,Budget Enthusiasts
361,41,Male,45.5,59.2,12,31852.27,1.0,2025-09-12,2654.3558333333335,301,3,Budget Enthusiasts
362,49,Male,70.9,23.7,4,6501.23,0.33,2025-11-30,1625.3075,222,2,Price-Sensitive High Earners
363,64,Female,67.0,54.6,14,16555.15,1.17,2025-12-01,1182.5107142857144,221,3,Budget Enthusiasts
364,39,Male,15.8,36.7,1,568.55,0.08,2026-07-08,568.55,2,0,Low Engagement Customers
365,40,Male,96.9,65.9,21,16555.15,1.75,2026-07-05,788.3404761904762,5,1,High-Value Loyalists
366,19,Female,76.7,83.3,43,103404.98,3.58,2026-04-09,2404.7669767441857,92,1,High-Value Loyalists
367,44,Male,88.1,88.4,29,61322.12,2.42,2026-07-03,2114.555862068966,7,1,High-Value Loyalists
368,59,Female,73.0,94.7,30,38341.31,2.5,2025-11-18,1278.0436666666667,234,1,High-Value Loyalists
369,19,Male,94.6,32.9,3,7812.93,0.25,2026-03-25,2604.31,107,2,Price-Sensitive High Earners
370,43,Female,108.2,100.0,23,21123.18,1.92,2026-01-31,918.3991304347826,160,1,High-Value Loyalists
371,34,Female,55.2,54.2,11,8230.81,0.92,2025-12-14,748.2554545454545,208,3,Budget Enthusiasts
372,57,Female,40.9,35.5,13,31076.94,1.08,2025-11-13,2390.533846153846,239,0,Low Engagement Customers
373,50,Male,68.4,82.2,24,62128.81,2.0,2025-08-14,2588.7004166666666,330,1,High-Value Loyalists
374,26,Female,71.0,8.4,4,10884.04,0.33,2025-08-12,2721.01,332,2,Price-Sensitive High Earners
375,60,Male,64.4,53.7,8,5764.03,0.67,2026-05-22,720.50375,49,3,Budget Enthusiasts
376,56,Male,77.1,87.6,36,52696.07,3.0,2026-06-30,1463.7797222222223,10,1,High-Value Loyalists
377,46,Male,59.2,29.6,12,20336.35,1.0,2025-07-25,1694.6958333333332,350,3,Budget Enthusiasts
378,59,Male,44.9,51.2,12,31009.5,1.0,2026-02-05,2584.125,155,3,Budget Enthusiasts
379,43,Female,40.6,44.6,10,9429.27,0.83,2026-05-02,942.927,69,3,Budget Enthusiasts
380,52,Female,71.3,50.9,12,34992.52,1.0,2026-01-23,2916.043333333333,168,3,Budget Enthusiasts
381,42,Male,39.2,57.5,19,37191.76,1.58,2025-10-12,1957.4610526315792,271,3,Budget Enthusiasts
382,41,Male,79.8,24.5,6,17907.73,0.5,2026-05-04,2984.6216666666664,67,2,Price-Sensitive High Earners
383,30,Female,26.5,34.0,1,2481.3,0.08,2025-07-21,2481.3,354,0,Low Engagement Customers
384,24,Male,110.6,82.7,27,16163.52,2.25,2025-11-01,598.6488888888889,251,1,High-Value Loyalists
385,53,Female,38.2,10.0,3,2492.79,0.25,2026-05-24,830.93,47,0,Low Engagement Customers
386,62,Male,101.6,32.5,7,12834.27,0.58,2026-01-08,1833.467142857143,183,2,Price-Sensitive High Earners
387,37,Male,85.7,87.2,36,79268.03,3.0,2025-08-25,2201.889722222222,319,1,High-Value Loyalists
388,18,Female,79.8,19.7,7,6103.93,0.58,2026-01-05,871.99,186,2,Price-Sensitive High Earners
389,25,Male,58.0,49.7,19,45344.51,1.58,2026-04-12,2386.553157894737,89,3,Budget Enthusiasts
390,63,Female,65.8,19.4,5,16555.15,0.42,2025-08-13,3311.03,331,2,Price-Sensitive High Earners
391,33,Male,31.8,72.7,29,58417.26,2.42,2026-02-22,2014.3882758620691,138,4,Budget Enthusiasts
392,31,Male,82.8,25.4,2,5327.89,0.17,2025-07-19,2663.945,356,2,Price-Sensitive High Earners
393,29,Male,84.5,22.3,4,8021.17,0.33,2026-04-13,2005.2925,88,2,Price-Sensitive High Earners
394,40,Female,105.4,88.1,22,22026.1,1.83,2025-10-10,1001.1863636363636,273,1,High-Value Loyalists
395,32,Male,64.3,48.0,15,9842.16,1.25,2026-06-22,656.144,18,3,Budget Enthusiasts
396,45,Male,88.4,93.0,32,93722.64,2.67,2025-09-03,2928.8325,310,1,High-Value Loyalists
397,51,Male,28.6,16.4,2,3384.22,0.17,2025-07-18,1692.11,357,0,Low Engagement Customers
398,19,Male,64.0,59.5,13,23634.85,1.08,2026-02-07,1818.0653846153846,153,3,Budget Enthusiasts
399,49,Female,66.4,63.1,19,47710.77,1.58,2025-10-24,2511.0931578947366,259,3,Budget Enthusiasts
400,40,Female,79.3,79.5,44,109273.34,3.67,2026-03-25,2483.485,107,1,High-Value Loyalists
